#{"t_start": 1781184886.0506666, "env_id": "relocate-v1"}
r,l,t,solved
-5.873743,200,0.728484,False
-6.477673,200,0.844505,False
-6.535837,200,0.95973,False
-5.789225,200,1.074507,False
-6.930843,200,1.202009,False
-8.234766,200,1.316933,False
-6.451156,200,1.430929,False
-5.441646,200,1.548749,False
-5.215378,200,1.66421,False
-6.183023,200,1.778604,False
-5.276467,200,1.891673,False
5.743511,170,1.988926,False
13.110041,104,2.047622,False
-0.096136,200,2.163622,False
-7.719546,200,2.27704,False
9.785468,192,2.383996,False
-6.655461,200,2.498302,False
-7.871635,200,2.611854,False
-6.831084,200,2.728563,False
-6.387665,200,2.842274,False
-6.013114,200,2.95617,False
-5.251596,200,3.071821,False
-6.263597,200,3.185503,False
-6.360269,189,3.291945,False
-2.113086,167,3.388204,False
-7.92487,200,3.504191,False
-5.040098,200,3.617615,False
-7.064033,200,3.730824,False
-5.245871,145,3.814578,False
-3.527071,195,3.926322,False
-2.412353,200,4.041813,False
-7.958717,200,4.155282,False
-6.607777,200,4.269374,False
-5.586111,200,4.383256,False
-7.772456,200,4.497442,False
-7.648301,200,4.610824,False
-0.097177,72,4.652333,False
-4.960409,200,4.765659,False
-1.01996,200,4.879714,False
-5.823094,200,4.993592,False
-6.56484,200,5.108567,False
-8.354056,200,5.223459,False
-6.491818,200,5.335795,False
-7.660178,200,5.450344,False
-6.020118,200,5.564487,False
-5.933609,200,5.679116,False
12.705847,186,5.785405,False
4.008147,125,5.857205,False
-8.458411,200,5.97379,False
-1.622948,200,6.086689,False
-5.29154,200,6.201506,False
-7.52424,200,6.315181,False
-5.327809,200,7.312103,False
-0.881562,200,8.45105,False
-6.443755,200,9.548763,False
-6.878873,200,10.64667,False
-6.204799,200,11.716917,False
8.246617,76,12.132031,False
-8.29167,200,13.247182,False
-3.175605,107,13.842888,False
-6.958865,200,14.940315,False
-5.744651,200,16.059556,False
-4.832056,200,17.155705,False
-6.294404,200,18.252509,False
0.827419,159,19.122219,False
10.839923,41,19.351093,False
1.335073,200,20.483248,False
-3.544887,104,21.06364,False
-8.258151,200,22.131495,False
-7.417982,168,22.987366,False
-5.937959,124,23.639425,False
-9.932866,200,24.728806,False
-1.130843,25,24.869188,False
-8.250297,200,25.918618,False
-3.615805,102,26.456286,False
-0.933345,26,26.588929,False
19.927812,74,26.968828,False
-2.508498,98,27.494803,False
-2.823046,70,27.873631,False
-9.097742,191,28.896425,False
-5.713074,129,29.590288,False
-2.332075,85,30.043869,False
-1.242007,21,30.161443,False
-0.786959,14,30.236517,False
-8.54331,200,31.328756,False
-11.333034,200,32.382572,False
-4.810373,130,33.082276,False
-7.275892,182,34.077386,False
-6.644115,114,34.700152,False
-0.652263,13,34.770164,False
-0.623983,11,34.83022,False
-0.577346,10,34.886639,False
-0.7358,16,34.972985,False
-0.782619,18,35.064981,False
-0.571619,16,35.150238,False
-0.617395,11,35.210159,False
-0.631041,12,35.271506,False
-0.919981,17,35.363615,False
-0.918067,19,35.466149,False
-0.786851,15,35.54758,False
-0.677406,12,35.61268,False
-3.541028,65,35.961266,False
-0.91369,20,36.069993,False
-0.829209,19,36.175459,False
-1.036014,21,36.284686,False
-0.741754,15,36.359125,False
-0.972456,18,36.452337,False
-0.927103,22,36.562136,False
-0.602048,14,36.636113,False
-0.810972,21,36.740721,False
-0.954902,20,36.843293,False
-0.836165,15,36.92461,False
-0.660188,12,36.991908,False
-0.825935,17,37.084117,False
-1.024208,27,37.230121,False
-3.320182,60,37.562113,False
7.804298,92,38.028227,False
3.02498,111,38.59834,False
-8.989171,200,39.619207,False
-9.917716,200,40.649386,False
-1.637798,30,40.800586,False
-6.113629,200,41.815519,False
-8.419849,200,42.93106,False
-5.394885,130,43.624931,False
-7.01262,200,44.694328,False
-7.388257,200,45.709556,False
-0.841908,16,45.788924,False
-0.83788,19,45.882728,False
-0.701917,21,45.992899,False
-0.703979,13,46.060521,False
-0.750051,17,46.14662,False
-0.643616,14,46.218982,False
-7.749242,143,46.967566,False
-0.675441,16,47.055759,False
-0.59088,13,47.126601,False
-0.623981,12,47.192814,False
-0.624805,14,47.272205,False
-0.723262,14,47.344816,False
-0.614288,13,47.411977,False
-0.6637,13,47.477611,False
-0.604642,13,47.545209,False
-0.561178,10,47.593726,False
-0.564801,12,47.653601,False
-0.581496,10,47.704427,False
-0.687523,13,47.772642,False
-7.642464,156,48.562365,False
-0.80775,16,48.651202,False
-1.507821,26,48.79307,False
7.152312,200,49.802804,False
-0.407086,193,50.863726,False
-1.861519,60,51.197758,False
-0.780244,21,51.311133,False
-0.687023,18,51.411626,False
-1.088584,25,51.547573,False
-8.275413,200,52.638554,False
-11.950933,200,53.699816,False
-0.662523,14,53.776983,False
-0.463997,8,53.820477,False
-0.634711,13,53.890835,False
-0.62188,13,53.961187,False
-0.621767,12,54.028468,False
-0.549095,11,54.088439,False
-0.627655,12,54.156005,False
-0.641684,13,54.227717,False
-8.653223,166,55.120612,False
-0.903128,25,55.255275,False
-0.730255,13,55.329039,False
-9.486258,200,56.39109,False
-0.871632,17,56.484979,False
-0.577539,10,56.539274,False
-0.878363,16,56.62561,False
-0.853288,16,56.714339,False
-0.842067,16,56.804119,False
-0.913668,18,56.903158,False
-0.966927,18,57.00139,False
-1.1719,20,57.112552,False
-0.925122,18,57.209813,False
-0.866751,18,57.3099,False
-8.156861,200,58.399765,False
-8.710548,200,59.434679,False
-7.036179,200,60.441658,False
-5.918767,200,61.498698,False
-6.388351,200,62.547443,False
-7.69327,200,63.547302,False
-9.132289,200,64.607527,False
-3.884934,140,65.364862,False
-1.762228,35,65.545816,False
-6.710426,200,66.611694,False
-3.410375,69,66.983754,False
-9.687453,197,68.054713,False
-0.841107,18,68.151705,False
-0.963392,19,68.255121,False
-0.70974,14,68.334655,False
-1.405378,26,68.471977,False
-0.914123,19,68.575898,False
-0.802572,15,68.657527,False
-0.782829,14,68.73669,False
-1.619185,30,68.897303,False
-1.606696,30,69.072347,False
-3.302037,61,69.392909,False
-0.976052,17,69.486841,False
-9.888219,200,70.621958,False
-7.81946,200,71.727869,False
-6.456598,200,72.806145,False
-3.745795,83,73.261562,False
-1.55861,36,73.460772,False
-1.452046,28,73.604089,False
-10.11769,200,74.61947,False
-2.945363,69,74.995175,False
-3.831605,67,75.347408,False
-10.096869,200,76.397603,False
-8.617557,200,77.429486,False
-7.404573,200,78.453691,False
-6.327636,200,79.51343,False
-7.880493,200,80.593503,False
-4.939178,110,81.176738,False
7.365621,52,81.440666,False
-9.525506,200,82.527046,False
-7.909957,200,83.612199,False
-7.018007,152,84.446526,False
-8.872566,200,85.53088,False
-8.080555,200,86.618642,False
-1.999438,43,86.854439,False
-8.508259,200,87.860955,False
-1.727695,42,88.09421,False
5.740871,36,88.297013,False
-8.338301,200,89.331089,False
-10.3707,200,90.356015,False
-0.580754,13,90.428699,False
-11.204873,200,91.512979,False
-0.67687,15,91.594314,False
-0.620152,14,91.670294,False
-9.485517,200,92.719983,False
-8.669384,200,93.777273,False
-4.738427,99,94.292288,False
-10.350206,200,95.361696,False
-8.084846,200,96.435769,False
-4.474096,88,96.899889,False
-4.695527,88,97.373048,False
-4.342124,89,97.853213,False
-10.977453,200,98.871646,False
-0.569325,10,98.921519,False
-0.658046,11,98.976512,False
-7.867413,200,99.997795,False
-8.621911,200,101.058735,False
8.092737,39,101.26863,False
-6.838863,200,102.330844,False
-6.475951,200,103.423375,False
-6.605993,200,104.48039,False
-5.986102,200,105.553421,False
-6.040925,200,106.637815,False
-5.09876,200,107.712811,False
-4.59115,200,108.742684,False
-5.966244,200,109.74704,False
-8.076425,200,110.821043,False
-10.37973,200,111.844583,False
-9.956346,200,112.898606,False
-9.430055,200,113.899679,False
-7.54723,200,114.912296,False
-8.160577,200,115.906027,False
-6.337348,200,116.915908,False
-8.978785,200,117.964193,False
-2.380044,50,118.225616,False
-8.620006,155,119.074013,False
-6.56378,119,119.736109,False
-2.012151,39,119.949943,False
-10.863546,200,121.049114,False
-0.82437,15,121.130803,False
-10.64113,200,122.225291,False
-0.953086,18,122.314833,False
-9.134704,200,123.365575,False
-0.751524,17,123.450763,False
-0.837185,16,123.532286,False
-0.907214,17,123.616613,False
-0.752277,13,123.68244,False
-0.702777,13,123.748606,False
-0.71834,17,123.843138,False
-0.811458,18,123.944166,False
-0.875584,18,124.044035,False
-8.752417,200,125.130212,False
-3.255377,69,125.513312,False
-1.596355,31,125.679445,False
-1.529881,28,125.833429,False
-1.302833,23,125.955083,False
-9.456515,200,127.020964,False
-1.051045,22,127.132593,False
-7.877879,200,128.139662,False
-1.118031,20,128.237094,False
-7.64867,200,129.307675,False
-7.307699,200,130.39963,False
-7.364461,200,131.492566,False
-8.38487,200,132.593728,False
-7.752118,200,133.688879,False
-6.953774,200,134.760449,False
-6.298692,200,135.829575,False
-6.826622,200,136.897564,False
-8.146137,200,137.965586,False
-7.172634,200,138.996147,False
-8.149731,200,140.058192,False
-8.561824,200,141.152513,False
-9.587333,200,142.227352,False
-1.122821,20,142.337318,False
-9.84684,200,143.375485,False
-10.170168,200,144.38637,False
-9.556175,200,145.448958,False
-8.185293,200,146.53406,False
-8.668016,200,147.624166,False
-9.375951,200,148.706102,False
-0.632598,13,148.781197,False
-0.5638,11,148.840891,False
-0.639934,12,148.908746,False
-0.553572,9,148.957415,False
-8.790032,200,149.970455,False
-8.63545,200,151.023969,False
-8.723374,200,152.075311,False
-8.97036,200,153.164262,False
-0.859951,14,153.243062,False
-0.801377,14,153.317519,False
-2.029732,35,153.490439,False
-1.784114,34,153.671655,False
-0.584461,10,153.728133,False
-1.318136,23,153.85398,False
-0.736066,13,153.925435,False
-8.468913,200,155.014371,False
-9.684856,200,156.082432,False
-1.163792,23,156.209215,False
-8.186666,200,157.292387,False
-7.056548,200,158.355856,False
-5.217398,200,159.406839,False
-4.880154,183,160.370492,False
-3.272956,101,160.926997,False
-4.203052,200,162.006617,False
-6.799132,200,163.02043,False
1.356903,151,163.825159,False
-2.984026,98,164.336119,False
4.071795,79,164.744173,False
6.112484,45,164.993374,False
-3.814444,200,166.050246,False
-5.952096,200,167.096848,False
-7.814799,200,168.103191,False
14.814056,28,168.241372,False
5.820229,63,168.581165,False
-2.702753,55,168.868049,False
-2.691543,62,169.179835,False
-4.759973,118,169.792529,False
-1.894637,49,170.042683,False
-1.621001,46,170.297483,False
-1.485161,35,170.484671,False
-6.377098,200,171.578771,False
-7.262781,200,172.667675,False
-7.532689,200,173.762366,False
-7.644344,200,174.86015,False
-8.19276,200,175.945511,False
-8.555615,200,176.980724,False
-9.437714,200,178.074858,False
-0.609724,17,178.168079,False
-3.314084,72,178.57026,False
-9.687505,200,179.648189,False
-8.932721,200,180.696503,False
-4.251065,82,181.135192,False
-2.752434,58,181.449984,False
-0.543591,16,181.537601,False
-0.546428,16,181.625104,False
-9.656447,200,182.731261,False
-0.549542,17,182.827745,False
-4.008838,88,183.282254,False
-9.063317,200,184.318412,False
-9.143942,200,185.403533,False
-5.474739,96,185.91645,False
-8.52425,200,186.956576,False
-8.675819,200,188.021692,False
-2.885681,55,188.32809,False
-8.85383,200,189.40756,False
-8.299043,200,190.502572,False
-9.482492,200,191.557603,False
-8.05341,200,192.602655,False
-9.631285,200,193.64843,False
-10.058591,200,194.698536,False
-1.398899,30,194.846735,False
-1.215921,29,194.989351,False
-4.516343,86,195.415558,False
-0.845767,16,195.499671,False
-0.974274,17,195.585091,False
-3.568228,77,195.976153,False
-1.220173,20,196.078003,False
-1.111998,26,196.206028,False
-1.389371,25,196.328758,False
-3.239615,56,196.604732,False
-8.697633,200,197.651389,False
-6.522611,200,198.657494,False
-8.494145,200,199.687628,False
-7.143347,200,200.723078,False
-8.633278,200,201.772235,False
-6.847772,200,202.840464,False
-7.549918,200,203.92397,False
-5.597978,125,204.579375,False
-8.909033,200,205.634549,False
-7.830462,200,206.6413,False
-7.128391,200,207.713817,False
-9.549226,200,208.793453,False
-7.509808,200,209.821341,False
-8.488933,200,210.853764,False
-8.831589,200,211.938269,False
-7.376466,200,212.993347,False
-6.75423,200,214.067008,False
-6.632686,200,215.166299,False
-5.241614,200,216.258787,False
4.175323,200,217.326709,False
-4.4924,111,217.937109,False
-7.876239,200,219.001122,False
-0.614049,12,219.068971,False
-7.008526,200,220.123766,False
-2.939307,66,220.492724,False
-7.571024,200,221.569331,False
-9.365405,200,222.602782,False
-8.352359,200,223.652255,False
-9.440905,175,224.552584,False
-0.827639,18,224.651944,False
-9.541457,200,225.687237,False
-1.050252,20,225.785134,False
-10.102031,200,226.797814,False
-10.323943,200,227.8715,False
-9.406757,200,228.908175,False
-8.825918,200,229.945206,False
-9.251117,200,231.017701,False
-7.490342,200,232.075845,False
-8.49358,200,233.166592,False
-8.527799,200,234.242644,False
-8.620205,200,235.292042,False
-7.466471,200,236.280479,False
2.8149,189,237.248455,False
-7.644607,200,238.323951,False
58.611897,200,239.385272,False
-5.002621,200,240.489275,False
-7.81306,173,241.415357,False
-2.297051,45,241.659828,False
-9.662326,200,242.74148,False
-2.580972,57,243.050963,False
-3.2667,90,243.535443,False
-9.736427,200,244.617202,False
-1.405066,34,244.802793,False
-2.179422,47,245.061403,False
-1.905344,41,245.286491,False
-1.453756,36,245.480073,False
-8.839304,200,246.535432,False
-8.089215,200,247.594741,False
-8.406847,200,248.583114,False
-8.819889,200,249.621365,False
-7.010802,170,250.524647,False
-5.096654,200,251.540025,False
-5.988477,200,252.537668,False
11.514224,60,252.853111,False
-7.370582,200,253.909254,False
-5.432481,200,255.003034,False
-7.270083,200,256.126459,False
-6.650718,153,256.923148,False
-4.453635,96,257.403422,False
-6.313224,200,258.461435,False
-8.340011,200,259.587106,False
-7.126279,200,260.848499,False
-10.197937,200,261.999473,False
-7.281934,200,263.098315,False
-5.920112,154,263.966423,False
-7.279816,200,265.059241,False
-7.510064,200,266.161373,False
-7.365045,200,267.310287,False
-8.63755,200,268.405064,False
-8.496089,200,269.524853,False
-7.832984,200,270.549177,False
-9.685383,200,271.648988,False
-8.499599,200,272.72164,False
-2.346938,51,272.97652,False
-4.489328,95,273.495143,False
-9.374825,200,274.633505,False
-7.869585,200,275.818751,False
-7.421657,200,276.86258,False
-8.674893,200,277.997935,False
-7.907408,200,279.145165,False
-9.653197,200,280.280922,False
-8.373141,200,281.333965,False
-8.973189,200,282.496963,False
-5.059119,200,283.585772,False
-7.787665,200,284.646637,False
9.492067,200,285.721689,False
8.929247,100,286.257284,False
-4.926258,200,287.355437,False
-5.59524,200,288.480278,False
5.800273,200,289.687661,False
-5.97942,200,290.804838,False
-5.567556,200,291.917375,False
10.467757,54,292.218712,False
-6.050558,200,293.3284,False
-6.688772,200,294.488364,False
-7.048885,200,295.589923,False
-7.007703,200,296.613603,False
-5.97397,200,297.723684,False
4.701072,200,298.797816,False
-7.888392,200,299.858586,False
-6.478646,200,301.01442,False
-7.722172,200,302.138328,False
-8.166452,200,303.222786,False
-8.135882,200,304.299281,False
-7.852558,200,305.361312,False
-0.672796,200,306.406494,False
-9.149237,200,307.446455,False
-7.71226,200,308.523142,False
-6.89083,200,309.557887,False
-0.467622,8,309.602239,False
-3.29039,66,309.946106,False
-10.270909,200,311.001654,False
-0.873982,19,311.096951,False
-10.532241,200,312.172658,False
-0.724035,14,312.247497,False
-7.662705,136,312.920686,False
-11.06028,200,313.977446,False
-0.479353,8,314.021524,False
-0.678269,14,314.094926,False
-0.55017,11,314.150129,False
-0.715167,15,314.232019,False
-0.716333,15,314.313726,False
-0.489823,9,314.364579,False
-9.778025,200,315.415291,False
-0.519526,9,315.465048,False
-8.334529,200,316.551491,False
-9.733674,200,317.644893,False
-9.551284,200,318.73144,False
-0.561599,10,318.786918,False
-0.578607,10,318.840868,False
-7.471347,200,319.880359,False
-9.367422,200,320.953148,False
-7.959105,200,322.025692,False
-5.577373,110,322.620171,False
-0.530753,9,322.669792,False
-8.788273,200,323.759864,False
-7.125644,200,324.84903,False
-8.296953,200,325.958573,False
-7.279387,200,327.005055,False
-8.527361,200,328.103835,False
-9.81871,200,329.198802,False
-8.497387,200,330.279018,False
-8.335584,200,331.362453,False
-8.228853,200,332.434812,False
-8.762677,200,333.508264,False
-8.372619,200,334.590067,False
-8.043401,200,335.684491,False
-7.983458,200,336.758639,False
-7.36927,200,337.848879,False
-10.064686,200,338.935481,False
-10.68485,200,340.030803,False
-10.418567,200,341.094938,False
-10.289045,200,342.137113,False
-10.99063,200,343.240545,False
-9.556301,200,344.30596,False
-10.498475,200,345.367425,False
-10.302352,200,346.420049,False
-10.372932,200,347.489125,False
-10.195342,200,348.539725,False
-9.7269,200,349.620012,False
-10.110069,200,350.67361,False
-9.212023,200,351.714119,False
-10.26393,200,352.7316,False
-9.797122,200,353.80704,False
-9.706859,200,354.865392,False
-9.672378,200,355.951642,False
-9.633002,200,356.997405,False
-7.976639,200,358.075153,False
-8.336196,200,359.154552,False
-8.727342,200,360.185064,False
-9.564803,200,361.274833,False
-9.113423,200,362.377641,False
-7.960917,200,363.389755,False
-7.993728,200,364.416955,False
-7.696797,200,365.45076,False
-7.475762,200,366.541914,False
-7.228337,200,367.56878,False
-7.110894,200,368.590225,False
-7.618024,200,369.595626,False
-8.63546,200,370.631781,False
-9.625627,200,371.715302,False
-8.866417,200,372.750869,False
-9.105347,200,373.828697,False
-8.887993,200,374.874726,False
-8.295512,200,375.943408,False
-9.394381,200,376.999386,False
-7.987752,200,378.092072,False
-8.851927,200,379.16519,False
-7.951684,200,380.235293,False
-6.765423,200,381.303643,False
-7.838101,200,382.327645,False
-5.468247,200,383.35682,False
-1.57974,30,383.509872,False
-7.710916,200,384.540652,False
-3.376529,67,384.881742,False
-8.271694,200,385.96037,False
-8.894932,200,387.028705,False
-3.210202,67,387.395677,False
-1.314888,29,387.56089,False
-1.204535,200,388.666774,False
-5.497312,200,389.739408,False
-8.509833,200,390.832266,False
-1.617657,30,390.996952,False
-3.542419,68,391.387911,False
-6.211639,200,392.479393,False
-6.660531,200,393.565312,False
-3.267845,84,394.017356,False
-2.227618,82,394.462639,False
-8.964815,200,395.534384,False
-1.884211,33,395.69844,False
-6.535596,200,396.749006,False
-5.507431,200,397.855697,False
-2.834769,60,398.182316,False
-3.071137,56,398.489389,False
-0.815663,17,398.58184,False
-0.63831,14,398.661155,False
-0.649534,14,398.739011,False
-10.982478,200,399.780249,False
-11.051833,200,400.836219,False
-11.44557,200,401.875205,False
-11.565856,200,402.941232,False
-12.034434,200,403.979112,False
-11.496403,200,405.046259,False
-10.979794,200,406.112772,False
-1.669992,31,406.284946,False
-1.538825,28,406.439357,False
-7.886974,127,407.135747,False
-1.517751,27,407.286518,False
-1.598282,30,407.453517,False
-11.503244,200,408.556271,False
-11.183043,200,409.601286,False
-4.331613,75,410.012428,False
-1.367441,23,410.12765,False
-1.615473,31,410.297697,False
-10.933224,200,411.377346,False
-1.493191,27,411.521559,False
-10.787166,200,412.596395,False
4.011702,149,413.364892,False
-9.90252,200,414.417187,False
-8.429935,200,415.501975,False
-10.924518,200,416.607733,False
-9.957451,200,417.671384,False
-8.85396,200,418.684676,False
-9.918695,200,419.710806,False
-9.240079,200,420.746877,False
-9.635121,200,421.827539,False
-10.220671,200,422.929763,False
-5.800975,200,424.04027,False
-2.715701,46,424.291713,False
-8.844321,200,425.31672,False
-6.046941,200,426.368249,False
-7.389948,200,427.416659,False
-8.381131,200,428.445573,False
-9.020544,200,429.464527,False
6.06832,200,430.515045,False
-6.735896,200,431.615522,False
-5.02172,200,432.675947,False
-8.511387,200,433.733717,False
-6.830944,200,434.739518,False
-6.658598,200,435.759387,False
-0.979151,27,435.909465,False
-1.410175,34,436.095074,False
-8.18261,200,437.202119,False
-9.158645,200,438.293351,False
-7.587772,200,439.384834,False
-7.335769,197,440.397296,False
-8.579021,200,441.456357,False
15.982077,116,442.056113,False
-5.181139,200,443.143027,False
14.226074,160,443.981304,False
-6.923986,200,445.012804,False
-1.152796,90,445.471646,False
-6.554873,200,446.54526,False
-5.5701,200,447.624066,False
-6.673124,200,448.640594,False
-5.216694,165,449.53946,False
-6.431472,176,450.454781,False
-9.338021,200,451.487567,False
-6.043299,200,452.540177,False
-6.626065,200,453.599046,False
-9.181727,200,454.668338,False
-5.807182,200,455.71112,False
-7.040522,200,456.72606,False
-7.293634,200,457.768494,False
-8.688084,200,458.782965,False
-9.376584,200,459.853271,False
-4.545526,81,460.299053,False
-6.78678,200,461.345883,False
-8.383378,200,462.372064,False
-10.303242,200,463.469111,False
-10.310379,200,464.473878,False
-7.454851,200,465.539067,False
-10.510102,200,466.569684,False
-7.054713,200,467.570072,False
-7.969787,170,468.456118,False
-10.268668,182,469.382917,False
-9.358354,200,470.47551,False
-1.629982,30,470.639827,False
-9.892181,177,471.617736,False
-11.115561,200,472.665111,False
-7.784727,200,473.751245,False
-11.551564,200,474.844548,False
-2.256242,38,475.054463,False
-7.70494,200,476.142408,False
-9.89011,200,477.23955,False
-4.544459,89,477.714606,False
-9.768313,200,478.793924,False
-5.831828,200,479.862933,False
-7.417361,200,480.936433,False
-6.593233,200,481.951135,False
-7.30333,200,483.050104,False
-9.511123,200,484.05507,False
-11.15258,200,485.109608,False
-9.326161,200,486.19929,False
-1.892674,35,486.685731,False
-2.329369,43,486.723805,False
-12.220684,200,486.897412,False
-4.366735,93,486.978754,False
-2.215362,49,487.024302,False
